strategy,month,model_version,reference_month,smape,mae,bias_pct,actual_total,forecast_total,seasonal_sales_drift,seasonal_sales_drifted,seasonal_prediction_drift,seasonal_prediction_drifted,naive_sales_drift,naive_sales_drifted,naive_prediction_drift,naive_prediction_drifted,retrained
static,2016-01,v001,2015-01,15.84923,5.40612,-7.56972,602439.0,556836.0625,0.17876,True,0.0143,False,0.36155,True,0.49352,True,False
static,2016-02,v001,2015-02,15.30341,5.73045,-7.73355,614957.0,567399.0,0.15177,True,0.01322,False,0.22845,True,0.3677,True,False
static,2016-03,v001,2015-03,14.11797,6.47672,-7.69701,790881.0,730006.75,0.16292,True,0.00521,False,0.11492,True,0.08465,False,False
static,2016-04,v001,2015-04,13.33148,7.2059,-7.73199,901950.0,832211.25,0.18894,True,0.01975,False,0.43763,True,0.27553,True,False
static,2016-05,v001,2015-05,13.01031,7.48105,-7.55878,988730.0,913994.0625,0.13388,True,0.02946,False,0.57512,True,0.41136,True,False
static,2016-06,v001,2015-06,12.82156,7.9926,-7.72385,1022664.0,943675.0,0.18328,True,0.01561,False,0.74005,True,0.56617,True,False
static,2016-07,v001,2015-07,12.51607,8.68923,-7.8912,1138718.0,1048859.5,0.19787,True,0.02648,False,0.9388,True,0.75294,True,False
static,2016-08,v001,2015-08,13.19795,7.59478,-7.76627,981494.0,905268.5625,0.13344,True,0.03492,False,0.55758,True,0.38928,True,False
static,2016-09,v001,2015-09,13.30556,7.21641,-7.71316,896831.0,827657.0,0.17964,True,0.01076,False,0.42489,True,0.26441,True,False
static,2016-10,v001,2015-10,13.90315,6.81022,-7.76287,863637.0,796594.0,0.16644,True,0.00627,False,0.27272,True,0.12531,True,False
static,2016-11,v001,2015-11,13.33619,7.23151,-7.84363,891448.0,821526.125,0.15441,True,0.0153,False,0.41132,True,0.24929,True,False
static,2016-12,v001,2015-12,15.20812,5.68124,-7.4169,663411.0,614206.5,0.18233,True,0.02162,False,0.21371,True,0.34828,True,False
static,2017-01,v001,2015-01,17.24757,6.05618,-11.04834,617306.0,549103.9375,0.232,True,0.01492,False,0.3255,True,0.5131,True,False
static,2017-02,v001,2015-02,16.75232,6.67291,-11.30743,621369.0,551108.125,0.25054,True,0.00223,False,0.15445,True,0.35852,True,False
static,2017-03,v001,2015-03,15.64599,7.58237,-11.0134,822667.0,732063.375,0.24932,True,0.00763,False,0.17762,True,0.08389,False,False
static,2017-04,v001,2015-04,15.12128,8.63647,-11.06062,938862.0,835018.0625,0.27894,True,0.02693,False,0.53011,True,0.2826,True,False
static,2017-05,v001,2015-05,14.86376,8.97992,-11.1681,1020686.0,906694.75,0.20308,True,0.04619,False,0.6526,True,0.39288,True,False
static,2017-06,v001,2015-06,14.26428,9.51471,-11.01456,1064624.0,947360.3125,0.27324,True,0.02407,False,0.84519,True,0.57582,True,False
static,2017-07,v001,2015-07,14.30313,10.36622,-11.2487,1171393.0,1039626.5625,0.26166,True,0.00772,False,1.01803,True,0.72955,True,False
static,2017-08,v001,2015-08,14.8376,9.07255,-11.23574,1026403.0,911079.0625,0.23153,True,0.02156,False,0.66646,True,0.40401,True,False
static,2017-09,v001,2015-09,14.98574,8.61066,-11.1844,935263.0,830659.5,0.27356,True,0.01853,False,0.52108,True,0.27211,True,False
static,2017-10,v001,2015-10,15.64382,8.02329,-11.1787,891160.0,791539.9375,0.23545,True,0.01679,False,0.33877,True,0.115,True,False
static,2017-11,v001,2015-11,14.95985,8.68332,-11.23452,928837.0,824486.625,0.24489,True,0.00835,False,0.50502,True,0.25702,True,False
static,2017-12,v001,2015-12,16.71109,6.68136,-11.11284,695170.0,617916.875,0.28604,True,0.03415,False,0.1373,True,0.33888,True,False
drift_triggered,2016-01,v001,2015-01,15.84923,5.40612,-7.56972,602439.0,556836.0625,0.17876,True,0.0143,False,0.36155,True,0.49352,True,True
drift_triggered,2016-02,v002,2015-02,14.76136,5.52471,-6.25102,614957.0,576515.9375,0.15177,True,0.02036,False,0.22602,True,0.33985,True,True
drift_triggered,2016-03,v003,2015-03,13.89591,6.35194,-7.09168,790881.0,734794.25,0.16292,True,0.0135,False,0.12685,True,0.07527,False,True
drift_triggered,2016-04,v004,2015-04,13.35317,7.1796,-7.67381,901950.0,832736.0,0.18894,True,0.02344,False,0.44851,True,0.2855,True,True
drift_triggered,2016-05,v005,2015-05,12.14623,6.94311,-5.35404,988730.0,935793.0,0.13388,True,0.02024,False,0.57434,True,0.46085,True,True
drift_triggered,2016-06,v006,2015-06,12.16237,7.47557,-5.87571,1022664.0,962575.25,0.18328,True,0.05955,False,0.71122,True,0.58755,True,True
drift_triggered,2016-07,v007,2015-07,11.55003,7.76676,-5.15887,1138718.0,1079973.0,0.19787,True,0.09395,False,0.90473,True,0.7956,True,True
drift_triggered,2016-08,v008,2015-08,12.15779,6.71236,3.57489,981494.0,1016581.25,0.13344,True,0.2224,True,0.48409,True,0.58943,True,True
drift_triggered,2016-09,v009,2015-09,11.83276,6.17125,-0.8251,896831.0,889431.25,0.17964,True,0.17174,True,0.34419,True,0.34122,True,True
drift_triggered,2016-10,v010,2015-10,12.37344,6.02012,1.73964,863637.0,878661.1875,0.16644,True,0.20861,True,0.19433,True,0.23606,True,True
drift_triggered,2016-11,v011,2015-11,12.33373,6.47734,-4.75389,891448.0,849069.5,0.15441,True,0.0585,False,0.31809,True,0.22752,True,True
drift_triggered,2016-12,v012,2015-12,15.0203,5.78116,5.91142,663411.0,702628.0,0.18233,True,0.31499,True,0.28365,True,0.20314,True,True
drift_triggered,2017-01,v013,2016-01,14.60696,4.99316,-3.7157,617306.0,594368.75,0.04872,False,0.02844,False,0.38616,True,0.45843,True,False
drift_triggered,2017-02,v013,2016-02,13.86655,5.37605,-3.95227,621369.0,596810.75,0.09219,False,0.0109,False,0.22262,True,0.29816,True,False
drift_triggered,2017-03,v013,2016-03,12.8688,5.98668,-3.7162,822667.0,792095.125,0.08074,False,0.00352,False,0.11357,True,0.08641,False,False
drift_triggered,2017-04,v013,2016-04,11.92147,6.56774,-3.62432,938862.0,904834.625,0.08233,False,0.0062,False,0.43111,True,0.36579,True,False
drift_triggered,2017-05,v013,2016-05,11.65449,6.77658,-4.01842,1020686.0,979670.625,0.06496,False,0.01964,False,0.54809,True,0.47357,True,False
drift_triggered,2017-06,v013,2016-06,11.09521,7.10192,-3.72216,1064624.0,1024996.9375,0.0832,False,0.00651,False,0.73204,True,0.66581,True,False
drift_triggered,2017-07,v013,2016-07,11.19017,7.65101,-3.78107,1171393.0,1127101.75,0.05811,False,0.02081,False,0.89713,True,0.83014,True,False
drift_triggered,2017-08,v013,2016-08,11.57405,6.78461,-3.78841,1026403.0,987518.625,0.09203,False,0.01294,False,0.56133,True,0.49255,True,False
drift_triggered,2017-09,v013,2016-09,11.75109,6.46463,-3.7994,935263.0,899728.625,0.08643,False,0.00739,False,0.42248,True,0.35334,True,False
drift_triggered,2017-10,v013,2016-10,12.36288,6.19982,-3.60721,891160.0,859014.0,0.06366,False,0.01249,False,0.24944,True,0.1869,True,False
drift_triggered,2017-11,v013,2016-11,11.93896,6.63626,-4.00028,928837.0,891680.875,0.08484,False,0.00262,False,0.40717,True,0.33343,True,False
drift_triggered,2017-12,v013,2016-12,14.0078,5.46167,-3.93146,695170.0,667839.75,0.09538,False,0.0127,False,0.20591,True,0.28077,True,False
monthly,2016-01,v001,2015-01,15.84923,5.40612,-7.56972,602439.0,556836.0625,0.17876,True,0.0143,False,0.36155,True,0.49352,True,True
monthly,2016-02,v002,2015-02,14.76136,5.52471,-6.25102,614957.0,576515.9375,0.15177,True,0.02036,False,0.22602,True,0.33985,True,True
monthly,2016-03,v003,2015-03,13.89591,6.35194,-7.09168,790881.0,734794.25,0.16292,True,0.0135,False,0.12685,True,0.07527,False,True
monthly,2016-04,v004,2015-04,13.35317,7.1796,-7.67381,901950.0,832736.0,0.18894,True,0.02344,False,0.44851,True,0.2855,True,True
monthly,2016-05,v005,2015-05,12.14623,6.94311,-5.35404,988730.0,935793.0,0.13388,True,0.02024,False,0.57434,True,0.46085,True,True
monthly,2016-06,v006,2015-06,12.16237,7.47557,-5.87571,1022664.0,962575.25,0.18328,True,0.05955,False,0.71122,True,0.58755,True,True
monthly,2016-07,v007,2015-07,11.55003,7.76676,-5.15887,1138718.0,1079973.0,0.19787,True,0.09395,False,0.90473,True,0.7956,True,True
monthly,2016-08,v008,2015-08,12.15779,6.71236,3.57489,981494.0,1016581.25,0.13344,True,0.2224,True,0.48409,True,0.58943,True,True
monthly,2016-09,v009,2015-09,11.83276,6.17125,-0.8251,896831.0,889431.25,0.17964,True,0.17174,True,0.34419,True,0.34122,True,True
monthly,2016-10,v010,2015-10,12.37344,6.02012,1.73964,863637.0,878661.1875,0.16644,True,0.20861,True,0.19433,True,0.23606,True,True
monthly,2016-11,v011,2015-11,12.33373,6.47734,-4.75389,891448.0,849069.5,0.15441,True,0.0585,False,0.31809,True,0.22752,True,True
monthly,2016-12,v012,2015-12,15.0203,5.78116,5.91142,663411.0,702628.0,0.18233,True,0.31499,True,0.28365,True,0.20314,True,True
monthly,2017-01,v013,2016-01,14.60696,4.99316,-3.7157,617306.0,594368.75,0.04872,False,0.02844,False,0.38616,True,0.45843,True,True
monthly,2017-02,v014,2016-02,13.81769,5.38491,-3.8514,621369.0,597437.5625,0.09219,False,0.01452,False,0.21878,True,0.29385,True,True
monthly,2017-03,v015,2016-03,12.79561,5.9818,-3.53218,822667.0,793608.9375,0.08074,False,0.00801,False,0.12078,True,0.09228,False,True
monthly,2017-04,v016,2016-04,11.79717,6.51541,-2.83472,938862.0,912247.875,0.08233,False,0.02454,False,0.447,True,0.39948,True,True
monthly,2017-05,v017,2016-05,11.54676,6.73903,-3.49576,1020686.0,985005.3125,0.06496,False,0.0094,False,0.54622,True,0.48533,True,True
monthly,2017-06,v018,2016-06,11.07085,7.0766,-3.28974,1064624.0,1029600.625,0.0832,False,0.01623,False,0.72275,True,0.66789,True,True
monthly,2017-07,v019,2016-07,11.07791,7.55059,-3.38676,1171393.0,1131720.75,0.05811,False,0.01211,False,0.85919,True,0.80468,True,True
monthly,2017-08,v020,2016-08,11.38189,6.5548,0.90979,1026403.0,1035741.125,0.09203,False,0.11813,True,0.50824,True,0.55099,True,True
monthly,2017-09,v021,2016-09,11.50398,6.2426,0.03003,935263.0,935543.875,0.08643,False,0.09346,False,0.3636,True,0.38219,True,True
monthly,2017-10,v022,2016-10,12.15503,6.10041,1.59524,891160.0,905376.125,0.06366,False,0.09753,False,0.19627,True,0.23687,True,True
monthly,2017-11,v023,2016-11,11.98386,6.59525,-4.04745,928837.0,891242.75,0.08484,False,0.01765,False,0.34323,True,0.26749,True,True
monthly,2017-12,v024,2016-12,13.9691,5.53163,3.34076,695170.0,718394.0,0.09538,False,0.16579,True,0.2595,True,0.21729,True,False
static_with_recent_sales,2016-01,,,14.67245,4.96448,-0.24787,,,0.17876,,0.13468,,,,,,
static_with_recent_sales,2016-02,,,13.91177,5.15763,0.53815,,,0.15177,,0.14628,,,,,,
static_with_recent_sales,2016-03,,,12.55455,5.62605,-0.81137,,,0.16292,,0.13542,,,,,,
static_with_recent_sales,2016-04,,,11.63849,6.15766,-0.8572,,,0.18894,,0.16744,,,,,,
static_with_recent_sales,2016-05,,,11.32946,6.32664,0.60867,,,0.13388,,0.1394,,,,,,
static_with_recent_sales,2016-06,,,11.02029,6.57141,-0.94359,,,0.18328,,0.15494,,,,,,
static_with_recent_sales,2016-07,,,10.52961,6.83203,-0.41132,,,0.19787,,0.18995,,,,,,
static_with_recent_sales,2016-08,,,11.39434,6.36788,-0.15868,,,0.13344,,0.12482,,,,,,
static_with_recent_sales,2016-09,,,11.62923,6.11134,-0.99525,,,0.17964,,0.15323,,,,,,
static_with_recent_sales,2016-10,,,12.03348,5.88005,0.41352,,,0.16644,,0.16589,,,,,,
static_with_recent_sales,2016-11,,,11.64844,6.0772,-0.66574,,,0.15441,,0.13755,,,,,,
static_with_recent_sales,2016-12,,,13.83308,5.15516,-0.11167,,,0.18233,,0.18173,,,,,,
static_with_recent_sales,2017-01,,,14.92595,5.30618,4.76987,,,0.232,,0.30723,,,,,,
static_with_recent_sales,2017-02,,,13.64225,5.27263,0.57333,,,0.25054,,0.25178,,,,,,
static_with_recent_sales,2017-03,,,12.51866,5.79319,0.86834,,,0.24932,,0.26418,,,,,,
static_with_recent_sales,2017-04,,,11.54683,6.30903,0.52213,,,0.27894,,0.29313,,,,,,
static_with_recent_sales,2017-05,,,11.16751,6.45174,0.79472,,,0.20308,,0.21596,,,,,,
static_with_recent_sales,2017-06,,,10.60077,6.67704,-0.55664,,,0.27324,,0.2563,,,,,,
static_with_recent_sales,2017-07,,,10.56235,7.09253,0.07562,,,0.26166,,0.26699,,,,,,
static_with_recent_sales,2017-08,,,11.29105,6.60509,-0.47828,,,0.23153,,0.21884,,,,,,
static_with_recent_sales,2017-09,,,11.33648,6.18782,0.21381,,,0.27356,,0.27837,,,,,,
static_with_recent_sales,2017-10,,,12.04846,6.05229,1.18678,,,0.23545,,0.25591,,,,,,
static_with_recent_sales,2017-11,,,11.4462,6.27282,-0.33316,,,0.24489,,0.23874,,,,,,
static_with_recent_sales,2017-12,,,13.6301,5.38673,1.03826,,,0.28604,,0.3184,,,,,,
